{"stats":{"minecraft:used":{"minecraft:stone_sword":82,"minecraft:stone_pickaxe":49,"minecraft:oak_planks":3,"born_in_chaos_v1:intoxicating_decoction":1,"minecraft:wooden_pickaxe":3,"minecraft:composter":1,"minecraft:torch":1,"minecraft:dirt":1,"minecraft:crafting_table":4,"minecraft:carrot":11,"minecraft:white_bed":1,"minecraft:spruce_boat":1,"minecraft:bread":10,"smile:baby_craig":3,"minecraft:stone_axe":11,"minecraft:cobblestone":27,"minecraft:cooked_porkchop":3,"minecraft:potato":15},"minecraft:picked_up":{"minecraft:crafting_table":7,"minecraft:wheat":3,"minecraft:leather":8,"minecraft:lead":1,"minecraft:potato":22,"minecraft:oak_log":2,"minecraft:string":13,"minecraft:dirt":1,"born_in_chaos_v1:intoxicating_decoction":7,"minecraft:bone":2,"minecraft:beetroot":4,"minecraft:wheat_seeds":9,"minecraft:stone_pickaxe":3,"minecraft:glass_bottle":1,"minecraft:oak_planks":4,"fight_or_die:ripping_flesh":4,"minecraft:raw_iron":17,"minecraft:cooked_porkchop":3,"minecraft:composter":5,"patchouli:guide_book":3,"minecraft:torch":1,"farmersdelight:tomato_seeds":2,"minecraft:spruce_log":4,"minecraft:carrot":32,"minecraft:dark_oak_log":1,"minecraft:spider_eye":4,"minecraft:stone_sword":3,"minecraft:stone_shovel":3,"minecraft:rotten_flesh":11,"minecraft:beetroot_seeds":11,"minecraft:stone_axe":3,"minecraft:spruce_boat":1,"minecraft:bread":15,"smile:baby_craig":9,"butchersdelight:deadllama":2,"minecraft:cobblestone":44},"minecraft:crafted":{"minecraft:oak_planks":8,"minecraft:crafting_table":1,"minecraft:spruce_planks":16,"minecraft:wooden_pickaxe":1,"minecraft:bread":2,"minecraft:white_wool":3,"minecraft:stick":4,"minecraft:stone_pickaxe":1,"minecraft:white_bed":1,"minecraft:spruce_boat":2},"minecraft:mined":{"farmersdelight:rich_soil":1,"minecraft:glass_pane":1,"biomesoplenty:desert_grass":1,"minecraft:crafting_table":4,"biomesoplenty:bush":5,"minecraft:cobblestone":5,"minecraft:spruce_leaves":3,"minecraft:composter":2,"smile:baby_craig":2,"minecraft:oak_planks":2,"minecraft:spawner":1,"minecraft:carrots":5,"minecraft:iron_ore":7,"minecraft:wheat":7,"minecraft:spruce_log":4,"fight_or_die:blood_splash2":1,"minecraft:grass":6,"minecraft:oak_log":2,"minecraft:potatoes":4,"minecraft:beetroots":8,"minecraft:dirt":2,"minecraft:cobweb":2,"butchersdelight:deadllamablock":1,"minecraft:stone":35},"minecraft:custom":{"minecraft:mob_kills":15,"minecraft:interact_with_crafting_table":8,"minecraft:open_barrel":6,"minecraft:leave_game":1,"minecraft:time_since_death":2446,"minecraft:time_since_rest":2471,"minecraft:sprint_one_cm":78989,"minecraft:damage_taken":2505,"minecraft:walk_one_cm":54379,"minecraft:drop":12,"minecraft:damage_dealt":3140,"minecraft:swim_one_cm":2577,"minecraft:talked_to_villager":1,"minecraft:fly_one_cm":153046,"minecraft:open_chest":10,"minecraft:crouch_one_cm":3686,"minecraft:play_time":41344,"minecraft:deaths":5,"minecraft:sneak_time":2300,"minecraft:walk_under_water_one_cm":783,"minecraft:boat_one_cm":175327,"minecraft:jump":725,"minecraft:walk_on_water_one_cm":3910,"minecraft:total_world_time":41344,"minecraft:fall_one_cm":25303},"minecraft:dropped":{"born_in_chaos_v1:intoxicating_decoction":6,"minecraft:wheat_seeds":9,"minecraft:glass_bottle":2,"minecraft:wheat":3,"minecraft:rotten_flesh":3,"minecraft:beetroot_seeds":11,"minecraft:wooden_pickaxe":1},"minecraft:killed":{"fight_or_die:springer":2,"minecraft:cave_spider":4,"fight_or_die:mutated_pig":1,"minecraft:spider":2,"fight_or_die:mutated_cow":1,"minecraft:wandering_trader":1,"minecraft:horse":2,"fight_or_die:mutated_human":1}},"DataVersion":3465}