{"stats":{"minecraft:used":{"minecraft:stone_sword":17,"minecraft:stone_pickaxe":33,"smile:baby_craig":1,"minecraft:stone_axe":3,"minecraft:dirt":1,"minecraft:cobblestone":26,"minecraft:carrot":10,"minecraft:potato":1},"minecraft:picked_up":{"fight_or_die:ripping_flesh":1,"minecraft:raw_iron":5,"minecraft:crafting_table":2,"minecraft:wheat":3,"patchouli:guide_book":1,"minecraft:composter":2,"minecraft:leather":4,"minecraft:potato":12,"minecraft:carrot":21,"minecraft:dirt":1,"minecraft:stone_sword":1,"minecraft:stone_shovel":1,"minecraft:beetroot":2,"minecraft:stone_axe":1,"minecraft:beetroot_seeds":11,"minecraft:wheat_seeds":9,"minecraft:stone_pickaxe":1,"smile:baby_craig":3,"minecraft:cobblestone":31},"minecraft:mined":{"minecraft:carrots":5,"farmersdelight:rich_soil":1,"minecraft:iron_ore":5,"minecraft:wheat":7,"minecraft:crafting_table":1,"minecraft:grass":1,"biomesoplenty:bush":5,"minecraft:potatoes":4,"minecraft:beetroots":8,"minecraft:dirt":2,"minecraft:stone":26,"smile:baby_craig":1,"minecraft:composter":1},"minecraft:custom":{"minecraft:time_since_rest":3818,"minecraft:sprint_one_cm":34090,"minecraft:damage_taken":750,"minecraft:walk_one_cm":14277,"minecraft:mob_kills":3,"minecraft:drop":3,"minecraft:damage_dealt":655,"minecraft:fly_one_cm":63500,"minecraft:open_chest":4,"minecraft:crouch_one_cm":484,"minecraft:play_time":17344,"minecraft:deaths":1,"minecraft:sneak_time":334,"minecraft:walk_under_water_one_cm":666,"minecraft:jump":353,"minecraft:leave_game":1,"minecraft:walk_on_water_one_cm":968,"minecraft:time_since_death":3757,"minecraft:total_world_time":17344,"minecraft:fall_one_cm":13712},"minecraft:dropped":{"minecraft:wheat_seeds":9,"minecraft:beetroot_seeds":11,"minecraft:wheat":3},"minecraft:killed":{"minecraft:horse":2,"fight_or_die:mutated_cow":1}},"DataVersion":3465}