{"stats":{"minecraft:used":{"minecraft:stone_sword":82,"minecraft:stone_pickaxe":60,"minecraft:oak_planks":3,"born_in_chaos_v1:intoxicating_decoction":1,"minecraft:wooden_pickaxe":11,"minecraft:composter":1,"minecraft:cooked_chicken":3,"minecraft:torch":1,"minecraft:dirt":4,"minecraft:crafting_table":7,"minecraft:carrot":11,"minecraft:white_bed":1,"minecraft:spruce_boat":1,"minecraft:wooden_axe":14,"minecraft:chicken":2,"minecraft:bread":10,"smile:baby_craig":4,"minecraft:stone_axe":11,"minecraft:cobblestone":29,"minecraft:furnace":2,"minecraft:cooked_porkchop":3,"minecraft:potato":15},"minecraft:picked_up":{"minecraft:crafting_table":9,"minecraft:wheat":3,"minecraft:feather":40,"minecraft:lilac":2,"minecraft:chicken":69,"minecraft:leather":8,"minecraft:lead":1,"minecraft:potato":22,"butchersdelight:deadpig":3,"minecraft:oak_log":6,"minecraft:dirt":24,"minecraft:string":13,"butchersdelight:deadchiken":1,"born_in_chaos_v1:intoxicating_decoction":7,"minecraft:bone":3,"butchersdelight:dead_cow":2,"minecraft:beetroot":4,"minecraft:wheat_seeds":12,"minecraft:stone_pickaxe":3,"minecraft:oak_boat":1,"minecraft:glass_bottle":1,"minecraft:oak_planks":12,"minecraft:furnace":1,"biomesoplenty:toadstool":1,"fight_or_die:ripping_flesh":5,"minecraft:raw_iron":17,"minecraft:cooked_porkchop":3,"minecraft:composter":5,"patchouli:guide_book":3,"minecraft:torch":1,"farmersdelight:tomato_seeds":2,"minecraft:carrot":32,"minecraft:spruce_log":4,"minecraft:dark_oak_log":1,"minecraft:spider_eye":4,"biomesoplenty:jacaranda_log":5,"minecraft:stone_sword":3,"minecraft:rotten_flesh":13,"minecraft:stone_shovel":3,"minecraft:stone_axe":3,"minecraft:spruce_boat":1,"minecraft:beetroot_seeds":11,"minecraft:bread":15,"smile:baby_craig":9,"butchersdelight:deadllama":2,"minecraft:coal":6,"minecraft:cobblestone":58},"minecraft:crafted":{"minecraft:oak_planks":24,"minecraft:crafting_table":3,"minecraft:spruce_planks":16,"minecraft:cooked_chicken":8,"minecraft:wooden_pickaxe":2,"minecraft:furnace":1,"minecraft:bread":2,"minecraft:air":0,"minecraft:white_wool":3,"minecraft:stick":16,"minecraft:stone_pickaxe":2,"minecraft:wooden_axe":1,"minecraft:white_bed":1,"minecraft:spruce_boat":2},"minecraft:mined":{"farmersdelight:rich_soil":1,"minecraft:glass_pane":1,"biomesoplenty:desert_grass":1,"minecraft:crafting_table":6,"biomesoplenty:bush":15,"minecraft:grass_block":17,"minecraft:cobblestone":5,"minecraft:spruce_leaves":3,"butchersdelight:deadpigblock":3,"minecraft:composter":2,"smile:baby_craig":2,"minecraft:oak_planks":10,"butchersdelight:deadchickenblock":1,"minecraft:spawner":1,"biomesoplenty:jacaranda_log":5,"minecraft:furnace":1,"minecraft:carrots":5,"minecraft:iron_ore":7,"minecraft:wheat":7,"biomesoplenty:lavender":1,"minecraft:lilac":2,"minecraft:spruce_log":4,"fight_or_die:blood_splash2":1,"minecraft:coal_ore":6,"biomesoplenty:sea_oats":4,"minecraft:grass":20,"minecraft:potatoes":4,"minecraft:oak_log":6,"minecraft:beetroots":8,"minecraft:dirt":6,"minecraft:cobweb":2,"butchersdelight:deadllamablock":1,"minecraft:stone":46},"minecraft:custom":{"minecraft:interact_with_furnace":4,"minecraft:mob_kills":15,"minecraft:interact_with_crafting_table":16,"minecraft:open_barrel":6,"minecraft:leave_game":3,"minecraft:time_since_death":0,"minecraft:time_since_rest":1,"minecraft:sprint_one_cm":162054,"minecraft:damage_taken":4020,"minecraft:walk_one_cm":98300,"minecraft:drop":18,"minecraft:damage_dealt":3609,"minecraft:swim_one_cm":25998,"minecraft:talked_to_villager":1,"minecraft:fly_one_cm":333384,"minecraft:open_chest":10,"minecraft:crouch_one_cm":8388,"minecraft:play_time":77418,"minecraft:sneak_time":5444,"minecraft:deaths":10,"minecraft:walk_under_water_one_cm":22598,"minecraft:boat_one_cm":351382,"minecraft:jump":1584,"minecraft:walk_on_water_one_cm":16064,"minecraft:total_world_time":77418,"minecraft:fall_one_cm":63501},"minecraft:dropped":{"born_in_chaos_v1:intoxicating_decoction":6,"minecraft:wheat_seeds":10,"minecraft:lilac":2,"minecraft:glass_bottle":2,"minecraft:wheat":3,"minecraft:rotten_flesh":3,"minecraft:dirt":10,"minecraft:beetroot_seeds":11,"fight_or_die:ripping_flesh":1,"minecraft:wooden_pickaxe":1,"butchersdelight:deadpig":2},"minecraft:killed":{"fight_or_die:springer":2,"minecraft:cave_spider":4,"fight_or_die:mutated_pig":1,"minecraft:spider":2,"fight_or_die:mutated_cow":1,"minecraft:wandering_trader":1,"minecraft:horse":2,"fight_or_die:mutated_human":1}},"DataVersion":3465}