{"stats":{"minecraft:used":{"minecraft:spruce_boat":1,"minecraft:stone_sword":34,"minecraft:stone_pickaxe":35,"minecraft:oak_planks":2,"born_in_chaos_v1:intoxicating_decoction":1,"smile:baby_craig":1,"minecraft:composter":1,"minecraft:torch":1,"minecraft:stone_axe":10,"minecraft:dirt":1,"minecraft:cobblestone":27,"minecraft:crafting_table":1,"minecraft:carrot":11,"minecraft:potato":7},"minecraft:picked_up":{"fight_or_die:ripping_flesh":3,"minecraft:raw_iron":15,"minecraft:crafting_table":5,"minecraft:wheat":3,"patchouli:guide_book":3,"minecraft:composter":5,"minecraft:leather":8,"minecraft:torch":1,"minecraft:potato":22,"farmersdelight:tomato_seeds":2,"minecraft:spruce_log":2,"minecraft:carrot":32,"minecraft:dirt":1,"minecraft:bone":2,"born_in_chaos_v1:intoxicating_decoction":7,"minecraft:rotten_flesh":9,"minecraft:stone_sword":3,"minecraft:stone_shovel":3,"minecraft:beetroot":4,"minecraft:stone_axe":3,"minecraft:beetroot_seeds":11,"minecraft:wheat_seeds":9,"minecraft:stone_pickaxe":3,"smile:baby_craig":7,"minecraft:glass_bottle":1,"minecraft:oak_planks":4,"minecraft:cobblestone":32},"minecraft:crafted":{"minecraft:spruce_planks":8,"minecraft:spruce_boat":1},"minecraft:mined":{"minecraft:glass_pane":1,"minecraft:carrots":5,"farmersdelight:rich_soil":1,"minecraft:iron_ore":5,"minecraft:wheat":7,"minecraft:spruce_log":2,"fight_or_die:blood_splash2":1,"minecraft:crafting_table":2,"minecraft:grass":2,"biomesoplenty:bush":5,"minecraft:potatoes":4,"minecraft:beetroots":8,"minecraft:dirt":2,"minecraft:cobblestone":1,"minecraft:spruce_leaves":1,"minecraft:oak_planks":2,"minecraft:stone":26,"smile:baby_craig":1,"minecraft:composter":2},"minecraft:custom":{"minecraft:time_since_rest":5670,"minecraft:sprint_one_cm":60035,"minecraft:damage_taken":1335,"minecraft:walk_one_cm":26088,"minecraft:mob_kills":6,"minecraft:drop":11,"minecraft:damage_dealt":1279,"minecraft:interact_with_crafting_table":1,"minecraft:fly_one_cm":118963,"minecraft:open_chest":4,"minecraft:crouch_one_cm":1688,"minecraft:play_time":29344,"minecraft:deaths":4,"minecraft:sneak_time":1522,"minecraft:walk_under_water_one_cm":666,"minecraft:boat_one_cm":139770,"minecraft:jump":555,"minecraft:leave_game":1,"minecraft:walk_on_water_one_cm":968,"minecraft:time_since_death":5642,"minecraft:total_world_time":29344,"minecraft:fall_one_cm":20276},"minecraft:dropped":{"born_in_chaos_v1:intoxicating_decoction":6,"minecraft:wheat_seeds":9,"minecraft:glass_bottle":2,"minecraft:beetroot_seeds":11,"minecraft:wheat":3,"minecraft:rotten_flesh":3},"minecraft:killed":{"minecraft:horse":2,"fight_or_die:springer":2,"fight_or_die:mutated_human":1,"fight_or_die:mutated_cow":1}},"DataVersion":3465}