{"stats":{"minecraft:picked_up":{"smile:baby_craig":6,"minecraft:stone_pickaxe":1,"minecraft:stone_sword":1,"minecraft:stone_shovel":1,"patchouli:guide_book":1},"minecraft:custom":{"minecraft:jump":40,"minecraft:time_since_rest":1,"minecraft:deaths":2,"minecraft:leave_game":6,"minecraft:play_time":8676,"minecraft:sprint_one_cm":4757,"minecraft:damage_taken":715,"minecraft:time_since_death":0,"minecraft:walk_one_cm":8667,"minecraft:sneak_time":15,"minecraft:total_world_time":8676,"minecraft:fall_one_cm":894,"minecraft:fly_one_cm":11500}},"DataVersion":3465}