{"stats":{"minecraft:used":{"automobility:steep_slope":11,"born_in_chaos_v1:black_argillite_brick_slab":3,"automobility:slope":7,"minecraft:stone":16,"minecraft:crying_obsidian":3,"minecraft:obsidian":14},"minecraft:custom":{"minecraft:jump":43,"minecraft:open_chest":1,"minecraft:time_since_rest":35976,"minecraft:damage_dealt":30,"minecraft:crouch_one_cm":280,"minecraft:leave_game":4,"minecraft:play_time":35976,"minecraft:sprint_one_cm":8723,"minecraft:damage_taken":90,"minecraft:time_since_death":35976,"minecraft:walk_one_cm":23760,"minecraft:sneak_time":381,"minecraft:total_world_time":35976,"minecraft:fly_one_cm":97048},"minecraft:picked_up":{"butchersdelight:deadsheep":4,"minecraft:black_wool":1,"minecraft:white_wool":3}},"DataVersion":3465}