{"stats":{"minecraft:custom":{"minecraft:time_since_rest":77522,"minecraft:open_chest":1,"minecraft:crouch_one_cm":523,"minecraft:sprint_one_cm":11140,"minecraft:play_time":77522,"minecraft:damage_taken":90,"minecraft:walk_one_cm":37290,"minecraft:sneak_time":573,"minecraft:drop":2,"minecraft:jump":68,"minecraft:damage_dealt":40,"minecraft:leave_game":8,"minecraft:time_since_death":77522,"minecraft:total_world_time":77522,"minecraft:fly_one_cm":148643},"minecraft:dropped":{"butchersdelightfoods:cooked_ham":64},"minecraft:used":{"automobility:steep_slope":15,"automobility:slope":7,"automobility:dash_panel":3,"automobility:auto_mechanic_table":1,"minecraft:crying_obsidian":3,"born_in_chaos_v1:black_argillite_brick_slab":3,"minecraft:stone":25,"automobility:automobile_assembler":1,"minecraft:obsidian":14,"cgm:assault_rifle":1},"minecraft:picked_up":{"butchersdelight:deadsheep":4,"minecraft:black_wool":1,"minecraft:white_wool":3}},"DataVersion":3465}