{"stats":{"minecraft:used":{"man:cassetteplayer":1,"farmersdelight:skillet":3,"minecraft:grass_block":1,"minecraft:oak_planks":5,"smile:baby_craig":1,"farmersdelight:stove":1,"butchersdelight:hook":2,"cgm:assault_rifle":40,"butchersdelight:skullcow":2,"celestisynth:rainfall_serenity":21,"minecraft:dirt":2,"minecraft:sand":2,"smile:computer":1,"minecraft:crafting_table":1,"cgm:mini_gun":82,"cgm:heavy_rifle":5},"minecraft:killed":{"fight_or_die:springer":1,"born_in_chaos_v1:bloody_gadfly":1,"born_in_chaos_v1:zombie_fisherman":1,"minecraft:zombie":1,"born_in_chaos_v1:corpse_fly":1,"minecraft:spider":1,"minecraft:creeper":2},"minecraft:custom":{"minecraft:time_since_rest":9686,"minecraft:sprint_one_cm":15761,"minecraft:damage_taken":50,"minecraft:walk_one_cm":44524,"minecraft:mob_kills":8,"minecraft:drop":1,"minecraft:interact_with_crafting_table":1,"minecraft:fly_one_cm":39976,"minecraft:open_chest":1,"minecraft:crouch_one_cm":749,"minecraft:play_time":37856,"minecraft:sneak_time":343,"minecraft:jump":77,"minecraft:leave_game":1,"minecraft:time_since_death":37856,"minecraft:sleep_in_bed":1,"minecraft:total_world_time":37856,"minecraft:fall_one_cm":752},"minecraft:dropped":{"cgm:assault_rifle":1},"minecraft:picked_up":{"butchersdelightfoods:beeftenderloin":1,"butchersdelightfoods:legcow":1,"butchersdelight:skullcow":1,"butchersdelightfoods:porkloin":1,"minecraft:porkchop":1,"butchersdelight:deadpig":1,"minecraft:gunpowder":3,"farmersdelight:ham":1,"butchersdelightfoods:beefribs":1,"man:cassette_1safetyinstructions":1,"butchersdelight:deadchiken":2,"minecraft:cooked_mutton":1,"minecraft:bone":1,"butchersdelightfoods:cookedporkribs":3,"cgm:assault_rifle":1,"butchersdelightfoods:ham":1,"minecraft:beef":2,"butchersdelightfoods:porkribs":1,"minecraft:white_wool":1}},"DataVersion":3465}