{"stats":{"minecraft:used":{"born_in_chaos_v1:black_argillite_brick_slab":3,"minecraft:crying_obsidian":3,"minecraft:obsidian":14},"minecraft:custom":{"minecraft:jump":42,"minecraft:open_chest":1,"minecraft:time_since_rest":23976,"minecraft:damage_dealt":30,"minecraft:crouch_one_cm":101,"minecraft:leave_game":4,"minecraft:play_time":23976,"minecraft:sprint_one_cm":7661,"minecraft:damage_taken":90,"minecraft:time_since_death":23976,"minecraft:walk_one_cm":17026,"minecraft:sneak_time":205,"minecraft:total_world_time":23976,"minecraft:fly_one_cm":49910},"minecraft:picked_up":{"butchersdelight:deadsheep":4,"minecraft:black_wool":1,"minecraft:white_wool":3}},"DataVersion":3465}