{"stats":{"minecraft:used":{"born_in_chaos_v1:black_argillite_brick_slab":3,"minecraft:crying_obsidian":3,"minecraft:obsidian":14},"minecraft:custom":{"minecraft:jump":41,"minecraft:open_chest":1,"minecraft:time_since_rest":17855,"minecraft:damage_dealt":30,"minecraft:crouch_one_cm":101,"minecraft:leave_game":3,"minecraft:play_time":17855,"minecraft:sprint_one_cm":7661,"minecraft:damage_taken":90,"minecraft:time_since_death":17855,"minecraft:walk_one_cm":16473,"minecraft:sneak_time":186,"minecraft:total_world_time":17855,"minecraft:fly_one_cm":9221},"minecraft:picked_up":{"butchersdelight:deadsheep":4,"minecraft:black_wool":1,"minecraft:white_wool":3}},"DataVersion":3465}