{"stats":{"minecraft:custom":{"minecraft:time_since_rest":45824,"minecraft:open_chest":1,"minecraft:crouch_one_cm":296,"minecraft:sprint_one_cm":11140,"minecraft:play_time":45824,"minecraft:damage_taken":90,"minecraft:walk_one_cm":27739,"minecraft:sneak_time":397,"minecraft:jump":57,"minecraft:damage_dealt":30,"minecraft:leave_game":7,"minecraft:time_since_death":45824,"minecraft:total_world_time":45824,"minecraft:fly_one_cm":105145},"minecraft:used":{"automobility:steep_slope":15,"automobility:slope":7,"automobility:dash_panel":3,"minecraft:crying_obsidian":3,"automobility:auto_mechanic_table":1,"born_in_chaos_v1:black_argillite_brick_slab":3,"minecraft:stone":25,"automobility:automobile_assembler":1,"minecraft:obsidian":14},"minecraft:picked_up":{"butchersdelight:deadsheep":4,"minecraft:black_wool":1,"minecraft:white_wool":3}},"DataVersion":3465}