{"stats":{"minecraft:used":{"farmersdelight:beef_patty":1,"webdisplays:linker":2,"relics:horse_flute":2,"minecraft:wooden_axe":1,"automobility:steep_slope":15,"automobility:dash_panel":3,"minecraft:crying_obsidian":3,"webdisplays:keyboard":1,"automobility:auto_mechanic_table":1,"farmersdelight:skillet":1,"minecraft:oak_planks":5,"smile:baby_craig":2,"farmersdelight:stove":1,"minecraft:stone":25,"cgm:assault_rifle":1,"butchersdelightfoods:cooked_ham":1,"automobility:slope":7,"minecraft:crafting_table":2,"born_in_chaos_v1:black_argillite_brick_slab":3,"automobility:automobile_assembler":1,"webdisplays:screen":4,"minecraft:obsidian":14},"minecraft:picked_up":{"minecraft:raw_iron":15,"minecraft:stick":2,"minecraft:crafting_table":1,"minecraft:acacia_log":2,"minecraft:wooden_pickaxe":1,"minecraft:wither_rose":1,"minecraft:oak_log":5,"minecraft:bone":1,"butchersdelight:deadsheep":4,"minecraft:rotten_flesh":2,"farmersdelight:beef_patty":1,"relics:horse_flute":1,"minecraft:iron_ingot":1,"minecraft:stone_pickaxe":1,"smile:baby_craig":2,"minecraft:black_wool":1,"minecraft:mangrove_log":1,"minecraft:white_wool":3},"minecraft:crafted":{"minecraft:oak_planks":20,"minecraft:crafting_table":1,"minecraft:stick":4,"minecraft:wooden_pickaxe":1,"minecraft:wooden_axe":1},"minecraft:mined":{"minecraft:crafting_table":1,"minecraft:oak_log":5,"smile:baby_craig":1},"minecraft:killed_by":{"minecraft:drowned":1},"minecraft:custom":{"minecraft:time_since_rest":44977,"minecraft:interact_with_furnace":1,"minecraft:sprint_one_cm":25884,"minecraft:damage_taken":455,"minecraft:walk_one_cm":75013,"minecraft:drop":6,"minecraft:damage_dealt":139,"minecraft:interact_with_crafting_table":4,"minecraft:fly_one_cm":323997,"minecraft:open_chest":1,"minecraft:crouch_one_cm":1053,"minecraft:play_time":144309,"minecraft:deaths":1,"minecraft:sneak_time":1345,"minecraft:walk_under_water_one_cm":12220,"minecraft:jump":229,"minecraft:leave_game":14,"minecraft:walk_on_water_one_cm":5035,"minecraft:time_since_death":44477,"minecraft:total_world_time":144309,"minecraft:fall_one_cm":5533},"minecraft:dropped":{"butchersdelightfoods:cooked_ham":64,"minecraft:raw_iron":15,"automobility:crowbar":1,"minecraft:stone_pickaxe":1,"relics:horse_flute":1}},"DataVersion":3465}