{"stats":{"minecraft:custom":{"minecraft:time_since_rest":95522,"minecraft:sprint_one_cm":23780,"minecraft:damage_taken":180,"minecraft:walk_one_cm":49838,"minecraft:drop":4,"minecraft:damage_dealt":60,"minecraft:interact_with_crafting_table":3,"minecraft:fly_one_cm":237586,"minecraft:open_chest":1,"minecraft:crouch_one_cm":643,"minecraft:play_time":95522,"minecraft:sneak_time":913,"minecraft:walk_under_water_one_cm":6237,"minecraft:jump":191,"minecraft:leave_game":8,"minecraft:time_since_death":95522,"minecraft:walk_on_water_one_cm":4256,"minecraft:total_world_time":95522,"minecraft:fall_one_cm":5533},"minecraft:mined":{"minecraft:crafting_table":1,"minecraft:oak_log":5},"minecraft:dropped":{"butchersdelightfoods:cooked_ham":64,"automobility:crowbar":1,"relics:horse_flute":1},"minecraft:used":{"webdisplays:linker":2,"relics:horse_flute":2,"minecraft:wooden_axe":1,"automobility:steep_slope":15,"automobility:dash_panel":3,"minecraft:crying_obsidian":3,"automobility:auto_mechanic_table":1,"webdisplays:keyboard":1,"minecraft:oak_planks":5,"minecraft:stone":25,"cgm:assault_rifle":1,"butchersdelightfoods:cooked_ham":1,"automobility:slope":7,"minecraft:crafting_table":1,"born_in_chaos_v1:black_argillite_brick_slab":3,"automobility:automobile_assembler":1,"webdisplays:screen":4,"minecraft:obsidian":14},"minecraft:crafted":{"minecraft:oak_planks":20,"minecraft:crafting_table":1,"minecraft:stick":4,"minecraft:wooden_pickaxe":1,"minecraft:wooden_axe":1},"minecraft:picked_up":{"minecraft:stick":2,"minecraft:crafting_table":1,"minecraft:oak_log":5,"minecraft:bone":1,"butchersdelight:deadsheep":4,"relics:horse_flute":1,"minecraft:stone_pickaxe":1,"minecraft:black_wool":1,"minecraft:white_wool":3}},"DataVersion":3465}