{"stats":{"minecraft:crafted":{"minecraft:oak_planks":20,"minecraft:crafting_table":1,"minecraft:stick":4,"minecraft:wooden_pickaxe":1,"minecraft:wooden_axe":1},"minecraft:custom":{"minecraft:time_since_rest":15983,"minecraft:interact_with_furnace":1,"minecraft:sprint_one_cm":23900,"minecraft:damage_taken":420,"minecraft:walk_one_cm":54751,"minecraft:drop":6,"minecraft:damage_dealt":60,"minecraft:interact_with_crafting_table":4,"minecraft:fly_one_cm":298071,"minecraft:open_chest":1,"minecraft:crouch_one_cm":936,"minecraft:play_time":115315,"minecraft:deaths":1,"minecraft:sneak_time":1236,"minecraft:walk_under_water_one_cm":12220,"minecraft:jump":208,"minecraft:leave_game":11,"minecraft:walk_on_water_one_cm":5035,"minecraft:time_since_death":15483,"minecraft:total_world_time":115315,"minecraft:fall_one_cm":5533},"minecraft:killed_by":{"minecraft:drowned":1},"minecraft:used":{"webdisplays:linker":2,"relics:horse_flute":2,"minecraft:wooden_axe":1,"automobility:steep_slope":15,"automobility:dash_panel":3,"minecraft:crying_obsidian":3,"webdisplays:keyboard":1,"automobility:auto_mechanic_table":1,"minecraft:oak_planks":5,"smile:baby_craig":2,"minecraft:stone":25,"cgm:assault_rifle":1,"butchersdelightfoods:cooked_ham":1,"automobility:slope":7,"minecraft:crafting_table":2,"born_in_chaos_v1:black_argillite_brick_slab":3,"automobility:automobile_assembler":1,"webdisplays:screen":4,"minecraft:obsidian":14},"minecraft:mined":{"minecraft:crafting_table":1,"minecraft:oak_log":5,"smile:baby_craig":1},"minecraft:dropped":{"butchersdelightfoods:cooked_ham":64,"minecraft:raw_iron":15,"automobility:crowbar":1,"minecraft:stone_pickaxe":1,"relics:horse_flute":1},"minecraft:picked_up":{"minecraft:crafting_table":1,"minecraft:stick":2,"minecraft:raw_iron":15,"minecraft:wooden_pickaxe":1,"minecraft:oak_log":5,"minecraft:bone":1,"butchersdelight:deadsheep":4,"relics:horse_flute":1,"minecraft:stone_pickaxe":1,"smile:baby_craig":2,"minecraft:black_wool":1,"minecraft:white_wool":3}},"DataVersion":3465}