{"stats":{"minecraft:custom":{"minecraft:jump":53,"minecraft:time_since_rest":11428,"minecraft:leave_game":3,"minecraft:play_time":11428,"minecraft:sprint_one_cm":6123,"minecraft:damage_taken":110,"minecraft:time_since_death":11428,"minecraft:walk_one_cm":16678,"minecraft:total_world_time":11428,"minecraft:fall_one_cm":1503,"minecraft:fly_one_cm":13365},"minecraft:mined":{"minecraft:grass_block":4,"minecraft:grass":1,"minecraft:spruce_log":1,"smile:baby_craig":1,"minecraft:dirt":1},"minecraft:used":{"smile:baby_craig":1},"minecraft:picked_up":{"butchersdelightfoods:cooked_ham":32,"smile:baby_craig":1,"minecraft:bone":1,"minecraft:spruce_log":1,"minecraft:dirt":2}},"DataVersion":3465}