{"stats":{"minecraft:used":{"webdisplays:screen":15},"minecraft:killed_by":{"antlers:wendigo":1},"minecraft:custom":{"minecraft:jump":46,"minecraft:time_since_rest":2873,"minecraft:damage_dealt":10,"minecraft:crouch_one_cm":69,"minecraft:walk_on_water_one_cm":522,"minecraft:deaths":2,"minecraft:sprint_one_cm":21295,"minecraft:play_time":5376,"minecraft:damage_taken":560,"minecraft:time_since_death":2782,"minecraft:walk_one_cm":14024,"minecraft:sneak_time":38,"minecraft:total_world_time":5376,"minecraft:walk_under_water_one_cm":2236,"minecraft:fall_one_cm":962,"minecraft:fly_one_cm":15599}},"DataVersion":3465}