{"stats":{"minecraft:used":{"minecraft:stone_sword":20,"minecraft:stone_pickaxe":9,"smile:baby_craig":1,"minecraft:magma_block":1},"minecraft:picked_up":{"fight_or_die:ripping_flesh":1,"minecraft:magma_block":1,"minecraft:allium":1,"patchouli:guide_book":1,"minecraft:stone_sword":1,"butchersdelight:deadchiken":1,"minecraft:arrow":1,"minecraft:bone":1,"minecraft:rotten_flesh":12,"minecraft:stone_axe":1,"minecraft:stone_pickaxe":1,"smile:baby_craig":2,"minecraft:coal":14,"minecraft:cobblestone":2},"minecraft:mined":{"minecraft:magma_block":1,"fight_or_die:blood_splash1":5,"biomesoplenty:desert_grass":1,"fight_or_die:blood_splash2":8,"minecraft:allium":1,"minecraft:grass":8,"biomesoplenty:bush":8,"minecraft:coal_ore":7,"minecraft:stone":1,"smile:baby_craig":1,"butchersdelight:deadchickenblock":1,"minecraft:oak_leaves":2},"minecraft:custom":{"minecraft:time_since_rest":1927,"minecraft:sprint_one_cm":28785,"minecraft:damage_taken":1450,"minecraft:walk_one_cm":17401,"minecraft:mob_kills":5,"minecraft:drop":2,"minecraft:damage_dealt":700,"minecraft:swim_one_cm":25048,"minecraft:fly_one_cm":71211,"minecraft:crouch_one_cm":97,"minecraft:play_time":13379,"minecraft:deaths":3,"minecraft:sneak_time":127,"minecraft:walk_under_water_one_cm":9223,"minecraft:jump":371,"minecraft:leave_game":1,"minecraft:time_since_death":1894,"minecraft:walk_on_water_one_cm":1138,"minecraft:total_world_time":13379,"minecraft:fall_one_cm":22653},"minecraft:dropped":{"minecraft:allium":1,"fight_or_die:ripping_flesh":1},"minecraft:killed":{"undead_revamp2:sucker":2,"minecraft:villager":3}},"DataVersion":3465}