{"stats":{"minecraft:used":{"smile:baby_craig":1,"minecraft:stone_sword":4},"minecraft:picked_up":{"smile:baby_craig":1,"butchersdelight:deadchiken":1,"minecraft:rotten_flesh":4},"minecraft:mined":{"minecraft:grass":2,"smile:baby_craig":1},"minecraft:custom":{"minecraft:jump":25,"minecraft:time_since_rest":1763,"minecraft:damage_dealt":40,"minecraft:sprint_one_cm":1860,"minecraft:play_time":1763,"minecraft:damage_taken":60,"minecraft:time_since_death":1763,"minecraft:walk_one_cm":4859,"minecraft:total_world_time":1763,"minecraft:fly_one_cm":4184}},"DataVersion":3465}