{"stats":{"minecraft:broken":{"minecraft:wooden_axe":1},"minecraft:killed_by":{"apollyon:the_damned":1,"undead_revamp2:the_moonflower":1,"smile:the_shadow":1,"born_in_chaos_v1:dread_hound":1,"undead_revamp2:thebeartamer":1},"minecraft:custom":{"minecraft:interact_with_furnace":4,"minecraft:mob_kills":6,"minecraft:interact_with_crafting_table":14,"minecraft:leave_game":4,"minecraft:time_since_death":21114,"minecraft:sleep_in_bed":5,"minecraft:time_since_rest":21144,"minecraft:sprint_one_cm":179997,"minecraft:damage_taken":2321,"minecraft:walk_one_cm":107606,"minecraft:drop":30,"minecraft:damage_dealt":1198,"minecraft:swim_one_cm":67654,"minecraft:fly_one_cm":282991,"minecraft:open_chest":12,"minecraft:crouch_one_cm":8630,"minecraft:play_time":63704,"minecraft:deaths":5,"minecraft:sneak_time":3055,"minecraft:walk_under_water_one_cm":6046,"minecraft:boat_one_cm":196513,"minecraft:jump":1183,"minecraft:walk_on_water_one_cm":5487,"minecraft:total_world_time":63704,"minecraft:fall_one_cm":46338},"minecraft:mined":{"minecraft:white_bed":5,"farmersdelight:rich_soil":1,"minecraft:crafting_table":4,"biomesoplenty:bush":17,"minecraft:grass_block":6,"minecraft:cobblestone":13,"minecraft:oak_planks":1,"smile:baby_craig":8,"minecraft:wall_torch":1,"minecraft:furnace":2,"minecraft:iron_ore":20,"minecraft:fire":1,"minecraft:grass":16,"minecraft:coal_ore":3,"minecraft:oak_log":10,"minecraft:sand":8,"minecraft:dirt":15,"minecraft:stone":11,"minecraft:oak_leaves":10},"minecraft:used":{"minecraft:stone_pickaxe":58,"minecraft:oak_planks":8,"farmersdelight:rich_soil":1,"minecraft:torch":1,"minecraft:sand":6,"minecraft:dirt":21,"minecraft:crafting_table":4,"minecraft:white_bed":4,"minecraft:oak_log":1,"relics:horse_flute":5,"minecraft:wooden_axe":9,"minecraft:bread":4,"minecraft:iron_pickaxe":17,"smile:baby_craig":7,"butchersdelightfoods:cooked_ham":5,"minecraft:stone_axe":3,"minecraft:furnace":2,"minecraft:oak_sapling":2,"comforts:sleeping_bag_white":1},"minecraft:dropped":{"minecraft:iron_ingot":3,"minecraft:wheat_seeds":3,"butchersdelightfoods:cooked_ham":3,"smile:baby_craig":1,"minecraft:raw_iron":1,"minecraft:rotten_flesh":2,"minecraft:coal":1,"patchouli:guide_book":2,"minecraft:stick":2,"minecraft:dirt":3,"relics:roller_skates":1,"minecraft:arrow":1,"minecraft:stone_pickaxe":1,"minecraft:magma_block":2,"minecraft:string":4,"minecraft:bone":4},"minecraft:crafted":{"minecraft:oak_planks":36,"minecraft:crafting_table":1,"minecraft:furnace":1,"minecraft:stone_axe":1,"minecraft:air":0,"minecraft:stick":12,"minecraft:iron_ingot":5,"minecraft:iron_pickaxe":1,"minecraft:stone_pickaxe":1},"minecraft:killed":{"fight_or_die:springer":1,"fight_or_die:mutated_pig":1,"undead_revamp2:thebeartamer":1,"minecraft:skeleton":1,"minecraft:zombie":1,"born_in_chaos_v1:firelight_not_despawn":1},"minecraft:picked_up":{"minecraft:wooden_axe":1,"minecraft:magma_block":2,"farmersdelight:rich_soil":1,"minecraft:crafting_table":4,"relics:roller_skates":1,"minecraft:potato":32,"butchersdelightfoods:cooked_ham":57,"minecraft:oak_log":10,"minecraft:string":4,"minecraft:dirt":24,"minecraft:bone":1,"minecraft:apple":4,"minecraft:wheat_seeds":3,"minecraft:iron_ingot":2,"minecraft:stone_pickaxe":1,"minecraft:oak_planks":1,"minecraft:furnace":2,"minecraft:raw_iron":40,"patchouli:guide_book":1,"minecraft:torch":1,"minecraft:sand":6,"minecraft:white_bed":5,"minecraft:arrow":1,"minecraft:rotten_flesh":2,"minecraft:hay_block":9,"smile:baby_craig":10,"minecraft:bread":24,"minecraft:oak_sapling":2,"minecraft:coal":2,"minecraft:cobblestone":28}},"DataVersion":3465}