{"stats":{"minecraft:killed_by":{"smile:the_shadow":1},"minecraft:custom":{"minecraft:time_since_rest":6039,"minecraft:sprint_one_cm":122069,"minecraft:damage_taken":1286,"minecraft:walk_one_cm":75025,"minecraft:mob_kills":6,"minecraft:drop":18,"minecraft:damage_dealt":789,"minecraft:interact_with_crafting_table":5,"minecraft:fly_one_cm":140421,"minecraft:open_chest":6,"minecraft:crouch_one_cm":6419,"minecraft:play_time":36264,"minecraft:deaths":1,"minecraft:sneak_time":1972,"minecraft:jump":599,"minecraft:leave_game":4,"minecraft:time_since_death":6012,"minecraft:total_world_time":36264,"minecraft:fall_one_cm":22399},"minecraft:mined":{"farmersdelight:rich_soil":1,"minecraft:iron_ore":4,"minecraft:fire":1,"minecraft:crafting_table":1,"minecraft:grass":11,"biomesoplenty:bush":11,"minecraft:coal_ore":1,"minecraft:grass_block":6,"minecraft:oak_log":4,"minecraft:dirt":15,"minecraft:cobblestone":1,"minecraft:stone":11,"smile:baby_craig":3,"minecraft:oak_leaves":10},"minecraft:dropped":{"minecraft:dirt":3,"minecraft:wheat_seeds":2,"relics:roller_skates":1,"butchersdelightfoods:cooked_ham":3,"minecraft:rotten_flesh":2,"minecraft:arrow":1,"minecraft:string":4,"patchouli:guide_book":2,"minecraft:bone":3},"minecraft:used":{"relics:horse_flute":5,"minecraft:bread":4,"minecraft:stone_pickaxe":34,"smile:baby_craig":3,"farmersdelight:rich_soil":1,"butchersdelightfoods:cooked_ham":4,"minecraft:dirt":21,"minecraft:crafting_table":1,"minecraft:oak_sapling":2},"minecraft:crafted":{"minecraft:oak_planks":16,"minecraft:crafting_table":1,"minecraft:stick":4,"minecraft:stone_pickaxe":1},"minecraft:killed":{"minecraft:skeleton":1,"fight_or_die:springer":1,"minecraft:zombie":1,"fight_or_die:mutated_pig":1,"undead_revamp2:thebeartamer":1,"born_in_chaos_v1:firelight_not_despawn":1},"minecraft:picked_up":{"minecraft:crafting_table":1,"minecraft:raw_iron":8,"farmersdelight:rich_soil":1,"relics:roller_skates":1,"patchouli:guide_book":1,"minecraft:potato":32,"butchersdelightfoods:cooked_ham":57,"minecraft:oak_log":4,"minecraft:dirt":24,"minecraft:string":4,"minecraft:arrow":1,"minecraft:bone":1,"minecraft:rotten_flesh":2,"minecraft:apple":4,"minecraft:wheat_seeds":2,"minecraft:hay_block":9,"minecraft:stone_pickaxe":1,"smile:baby_craig":6,"minecraft:bread":8,"minecraft:oak_sapling":2,"minecraft:coal":1,"minecraft:cobblestone":16}},"DataVersion":3465}