{"stats":{"minecraft:custom":{"minecraft:jump":60,"minecraft:time_since_rest":11718,"minecraft:damage_dealt":55,"minecraft:leave_game":3,"minecraft:crouch_one_cm":151,"minecraft:play_time":11718,"minecraft:sprint_one_cm":9280,"minecraft:damage_taken":131,"minecraft:time_since_death":11718,"minecraft:walk_one_cm":10574,"minecraft:sneak_time":106,"minecraft:total_world_time":11718,"minecraft:fly_one_cm":11836,"minecraft:fall_one_cm":1045,"minecraft:drop":1},"minecraft:mined":{"minecraft:grass_block":1,"minecraft:dirt":1},"minecraft:dropped":{"minecraft:bone":1},"minecraft:used":{"butchersdelightfoods:cooked_ham":1,"minecraft:dirt":1},"minecraft:picked_up":{"butchersdelightfoods:cooked_ham":32,"minecraft:dirt":1}},"DataVersion":3465}