{"stats":{"minecraft:broken":{"minecraft:wooden_axe":1},"minecraft:killed_by":{"apollyon:the_damned":1,"minecraft:player":1,"undead_revamp2:the_moonflower":1,"smile:the_shadow":1,"born_in_chaos_v1:dread_hound":1,"undead_revamp2:thebeartamer":1},"minecraft:custom":{"minecraft:interact_with_furnace":4,"minecraft:mob_kills":11,"minecraft:interact_with_crafting_table":16,"minecraft:open_barrel":10,"minecraft:leave_game":5,"minecraft:time_since_death":3296,"minecraft:sleep_in_bed":5,"minecraft:time_since_rest":3321,"minecraft:sprint_one_cm":198960,"minecraft:damage_taken":2916,"minecraft:walk_one_cm":128507,"minecraft:drop":39,"minecraft:damage_dealt":2166,"minecraft:swim_one_cm":97178,"minecraft:fly_one_cm":316863,"minecraft:open_chest":17,"minecraft:crouch_one_cm":10169,"minecraft:play_time":76369,"minecraft:deaths":6,"minecraft:sneak_time":4147,"minecraft:walk_under_water_one_cm":13567,"minecraft:boat_one_cm":337274,"minecraft:jump":1348,"minecraft:walk_on_water_one_cm":6778,"minecraft:total_world_time":76369,"minecraft:fall_one_cm":53732},"minecraft:mined":{"minecraft:white_bed":6,"farmersdelight:rich_soil":1,"minecraft:sea_lantern":2,"minecraft:crafting_table":4,"biomesoplenty:bush":17,"minecraft:grass_block":6,"minecraft:tall_grass":1,"biomesoplenty:sprout":6,"minecraft:cobblestone":13,"minecraft:oak_planks":1,"smile:baby_craig":8,"minecraft:wall_torch":1,"minecraft:spawner":1,"minecraft:furnace":2,"minecraft:iron_ore":20,"minecraft:fire":1,"minecraft:grass":18,"minecraft:coal_ore":3,"minecraft:oak_log":13,"minecraft:sand":8,"minecraft:dirt":15,"minecraft:stone":11,"minecraft:oak_leaves":16,"minecraft:spruce_slab":1},"minecraft:used":{"minecraft:spruce_slab":1,"minecraft:stone_pickaxe":58,"minecraft:oak_planks":8,"minecraft:iron_sword":5,"farmersdelight:rich_soil":1,"minecraft:oak_door":2,"minecraft:torch":1,"minecraft:sand":6,"minecraft:dirt":21,"minecraft:crafting_table":6,"minecraft:white_bed":5,"minecraft:oak_log":1,"relics:horse_flute":5,"minecraft:wooden_axe":9,"minecraft:bread":4,"minecraft:iron_pickaxe":20,"smile:baby_craig":7,"butchersdelightfoods:cooked_ham":7,"minecraft:stone_axe":14,"minecraft:furnace":2,"minecraft:oak_sapling":2,"minecraft:oak_boat":3,"comforts:sleeping_bag_white":1},"minecraft:dropped":{"minecraft:iron_ingot":3,"minecraft:wheat_seeds":3,"butchersdelightfoods:cooked_ham":3,"smile:baby_craig":1,"minecraft:raw_iron":1,"minecraft:prismarine_crystals":3,"minecraft:rotten_flesh":7,"minecraft:oak_planks":4,"minecraft:carrot":1,"minecraft:coal":1,"patchouli:guide_book":2,"minecraft:stick":2,"minecraft:dirt":3,"relics:roller_skates":1,"minecraft:arrow":1,"minecraft:stone_pickaxe":1,"minecraft:magma_block":2,"minecraft:string":4,"minecraft:bone":15},"minecraft:crafted":{"minecraft:oak_door":3,"minecraft:oak_planks":48,"minecraft:crafting_table":2,"minecraft:furnace":1,"minecraft:stone_axe":1,"minecraft:air":0,"minecraft:oak_boat":1,"minecraft:stick":12,"minecraft:iron_ingot":5,"minecraft:iron_pickaxe":1,"minecraft:stone_pickaxe":1},"minecraft:killed":{"fight_or_die:springer":1,"undead_revamp2:thehunter":1,"fight_or_die:mutated_pig":1,"born_in_chaos_v1:door_knight_not_despawn":1,"undead_revamp2:thebeartamer":1,"born_in_chaos_v1:decrepit_skeleton":1,"born_in_chaos_v1:maggot":2,"minecraft:skeleton":1,"minecraft:zombie":1,"born_in_chaos_v1:firelight_not_despawn":1},"minecraft:picked_up":{"minecraft:wooden_axe":1,"minecraft:magma_block":2,"farmersdelight:rich_soil":1,"minecraft:crafting_table":4,"relics:roller_skates":1,"minecraft:potato":32,"butchersdelightfoods:cooked_ham":57,"minecraft:oak_log":13,"minecraft:string":4,"minecraft:dirt":24,"minecraft:bone":8,"minecraft:apple":4,"minecraft:wheat_seeds":3,"minecraft:iron_ingot":2,"minecraft:stone_pickaxe":1,"minecraft:oak_boat":3,"minecraft:spruce_slab":1,"minecraft:oak_planks":5,"minecraft:furnace":2,"minecraft:raw_iron":40,"minecraft:oak_door":1,"patchouli:guide_book":1,"minecraft:torch":1,"minecraft:sand":6,"minecraft:white_bed":6,"minecraft:carrot":1,"minecraft:prismarine_crystals":3,"minecraft:arrow":1,"minecraft:rotten_flesh":8,"minecraft:hay_block":9,"smile:baby_craig":10,"minecraft:bread":24,"minecraft:oak_sapling":2,"minecraft:coal":2,"minecraft:cobblestone":28}},"DataVersion":3465}