{"stats":{"minecraft:custom":{"minecraft:open_chest":4,"minecraft:time_since_rest":23718,"minecraft:crouch_one_cm":4542,"minecraft:sprint_one_cm":85167,"minecraft:play_time":23718,"minecraft:damage_taken":346,"minecraft:walk_one_cm":43205,"minecraft:sneak_time":1596,"minecraft:mob_kills":1,"minecraft:drop":10,"minecraft:jump":253,"minecraft:damage_dealt":219,"minecraft:leave_game":3,"minecraft:time_since_death":23718,"minecraft:total_world_time":23718,"minecraft:interact_with_crafting_table":1,"minecraft:fall_one_cm":9874,"minecraft:fly_one_cm":68431},"minecraft:mined":{"minecraft:grass":6,"minecraft:grass_block":5,"minecraft:oak_log":3,"farmersdelight:rich_soil":1,"minecraft:dirt":10,"minecraft:oak_leaves":8,"biomesoplenty:bush":4},"minecraft:used":{"butchersdelightfoods:cooked_ham":2,"relics:horse_flute":5,"minecraft:dirt":15,"minecraft:oak_sapling":1,"minecraft:bread":1,"farmersdelight:rich_soil":1},"minecraft:dropped":{"minecraft:dirt":2,"relics:roller_skates":1,"butchersdelightfoods:cooked_ham":3,"minecraft:string":4,"minecraft:bone":2,"minecraft:rotten_flesh":1},"minecraft:killed":{"undead_revamp2:thebeartamer":1},"minecraft:picked_up":{"farmersdelight:rich_soil":1,"minecraft:rotten_flesh":1,"butchersdelightfoods:cooked_ham":32,"minecraft:oak_log":3,"minecraft:oak_sapling":1,"minecraft:cobblestone":5,"minecraft:string":4,"minecraft:dirt":17}},"DataVersion":3465}