{"stats":{"minecraft:custom":{"minecraft:mob_kills":14,"minecraft:interact_with_crafting_table":13,"minecraft:open_barrel":8,"minecraft:damage_dealt_resisted":9,"minecraft:leave_game":2,"minecraft:time_since_death":68933,"minecraft:sleep_in_bed":3,"minecraft:time_since_rest":34386,"minecraft:sprint_one_cm":117465,"minecraft:walk_one_cm":112347,"minecraft:damage_taken":1503,"minecraft:drop":40,"minecraft:damage_dealt":3264,"minecraft:swim_one_cm":97658,"minecraft:player_kills":1,"minecraft:fly_one_cm":201254,"minecraft:open_chest":7,"minecraft:crouch_one_cm":4416,"minecraft:play_time":68933,"minecraft:sneak_time":2901,"minecraft:walk_under_water_one_cm":13286,"minecraft:boat_one_cm":307211,"minecraft:jump":760,"minecraft:walk_on_water_one_cm":17723,"minecraft:total_world_time":68933,"minecraft:fall_one_cm":34209},"minecraft:mined":{"minecraft:white_bed":1,"minecraft:crafting_table":3,"minecraft:grass_block":3,"born_in_chaos_v1:dark_metal_deposit":1,"minecraft:cobblestone":10,"born_in_chaos_v1:chipped_black_argillite_brick":1,"smile:baby_craig":1,"minecraft:spawner":2,"comforts:sleeping_bag_white":1,"minecraft:hay_block":42,"minecraft:redstone_torch":1,"minecraft:iron_ore":1,"minecraft:grass":1,"minecraft:coal_ore":15,"minecraft:oak_log":10,"minecraft:gravel":1,"minecraft:sand":5,"minecraft:dirt":11,"minecraft:stone":13,"minecraft:oak_leaves":10},"minecraft:used":{"minecraft:stone_sword":17,"minecraft:oak_planks":12,"immersive_armors:bone_helmet":1,"minecraft:wooden_pickaxe":11,"minecraft:dirt":14,"minecraft:sand":7,"minecraft:crafting_table":5,"minecraft:redstone_torch":1,"relics:horse_flute":3,"minecraft:wooden_axe":33,"minecraft:bread":22,"minecraft:iron_pickaxe":34,"smile:baby_craig":1,"butchersdelightfoods:cooked_ham":3,"minecraft:stone_axe":16,"minecraft:cobblestone":22,"born_in_chaos_v1:rotten_fish":1,"minecraft:oak_sapling":1,"minecraft:oak_boat":1,"comforts:sleeping_bag_white":3},"minecraft:dropped":{"minecraft:gravel":2,"minecraft:iron_ingot":2,"minecraft:bread":24,"minecraft:wheat_seeds":2,"butchersdelightfoods:cooked_ham":25,"smile:baby_craig":3,"minecraft:raw_iron":5,"minecraft:rotten_flesh":6,"minecraft:apple":3,"relics:horse_flute":1,"minecraft:dirt":2,"minecraft:potato":32,"minecraft:hay_block":9,"relics:roller_skates":1,"born_in_chaos_v1:chipped_black_argillite_brick":1,"minecraft:wooden_axe":2,"minecraft:oak_sapling":1,"minecraft:chain":1,"minecraft:wooden_pickaxe":1,"minecraft:stone_pickaxe":1,"minecraft:iron_pickaxe":1,"minecraft:magma_block":2},"minecraft:crafted":{"minecraft:oak_planks":40,"minecraft:crafting_table":3,"minecraft:wooden_pickaxe":1,"minecraft:stone_axe":1,"minecraft:bread":91,"minecraft:oak_boat":1,"immersive_armors:bone_helmet":1,"minecraft:shield":1,"minecraft:stick":8,"minecraft:iron_pickaxe":1,"minecraft:wooden_axe":1,"minecraft:stone_sword":1,"minecraft:wheat":378},"minecraft:killed":{"born_in_chaos_v1:restless_spirit":2,"minecraft:spider":2,"minecraft:iron_golem":1,"bwrtherain:spider_skull":5,"born_in_chaos_v1:decrepit_skeleton":1,"born_in_chaos_v1:corpse_fish":1,"born_in_chaos_v1:firelight_not_despawn":2},"minecraft:picked_up":{"minecraft:wooden_axe":1,"born_in_chaos_v1:corpse_maggot":2,"minecraft:crafting_table":3,"relics:roller_skates":1,"butchersdelightfoods:cooked_ham":3,"minecraft:oak_log":10,"minecraft:chain":1,"minecraft:string":1,"minecraft:dirt":16,"minecraft:bone":8,"butchersdelight:dead_cow":2,"minecraft:wheat_seeds":2,"comforts:sleeping_bag_white":3,"minecraft:iron_ingot":7,"born_in_chaos_v1:chipped_black_argillite_brick":1,"minecraft:redstone_torch":1,"minecraft:iron_pickaxe":1,"minecraft:stick":1,"minecraft:raw_iron":2,"born_in_chaos_v1:ethereal_spirit":2,"minecraft:gravel":2,"minecraft:sand":7,"minecraft:white_bed":1,"born_in_chaos_v1:pieceofdarkmetal":1,"minecraft:rotten_flesh":6,"born_in_chaos_v1:fire_dust":3,"relics:horse_flute":1,"minecraft:hay_block":42,"smile:baby_craig":2,"minecraft:oak_sapling":2,"born_in_chaos_v1:rotten_fish":1,"minecraft:coal":17,"minecraft:cobblestone":21}},"DataVersion":3465}