{"stats":{"minecraft:custom":{"minecraft:jump":13,"minecraft:time_since_rest":2268,"minecraft:damage_dealt":30,"minecraft:leave_game":1,"minecraft:play_time":2268,"minecraft:sprint_one_cm":1000,"minecraft:damage_taken":55,"minecraft:time_since_death":2268,"minecraft:walk_one_cm":2333,"minecraft:total_world_time":2268,"minecraft:fall_one_cm":269,"minecraft:fly_one_cm":408},"minecraft:mined":{"minecraft:grass_block":1,"minecraft:dirt":3},"minecraft:used":{"minecraft:dirt":5},"minecraft:picked_up":{"minecraft:dirt":5}},"DataVersion":3465}