{"stats":{"minecraft:used":{"minecraft:stone_sword":79,"minecraft:shield":2,"minecraft:dirt":25,"minecraft:wooden_axe":35,"minecraft:oak_stairs":1,"smile:baby_craig":2,"minecraft:hay_block":4,"minecraft:oak_sapling":2,"comforts:sleeping_bag_white":3,"minecraft:egg":1,"minecraft:oak_planks":16,"immersive_armors:bone_helmet":2,"minecraft:wooden_pickaxe":11,"minecraft:sand":7,"minecraft:crafting_table":8,"minecraft:white_bed":1,"minecraft:redstone_torch":1,"relics:horse_flute":3,"minecraft:bread":35,"minecraft:iron_pickaxe":42,"butchersdelightfoods:cooked_ham":3,"minecraft:stone_axe":24,"minecraft:cobblestone":34,"born_in_chaos_v1:rotten_fish":3,"minecraft:cooked_porkchop":6,"minecraft:oak_boat":2},"minecraft:picked_up":{"minecraft:wooden_axe":1,"minecraft:iron_chestplate":1,"minecraft:crafting_table":5,"minecraft:wheat":128,"minecraft:oak_stairs":1,"butchersdelightfoods:cooked_ham":3,"minecraft:chain":1,"minecraft:shield":1,"minecraft:string":9,"born_in_chaos_v1:intoxicating_decoction":1,"butchersdelight:dead_cow":4,"comforts:sleeping_bag_white":4,"minecraft:redstone_torch":2,"minecraft:iron_pickaxe":3,"minecraft:egg":1,"fight_or_die:ripping_flesh":2,"minecraft:stick":1,"minecraft:raw_iron":2,"born_in_chaos_v1:shattered_skull":4,"farmersdelight:tomato_seeds":3,"born_in_chaos_v1:pieceofdarkmetal":11,"minecraft:carrot":4,"minecraft:stone_sword":1,"minecraft:rotten_flesh":14,"relics:horse_flute":2,"minecraft:hay_block":72,"minecraft:gold_ingot":4,"minecraft:cobblestone":27,"minecraft:blaze_powder":5,"immersive_armors:bone_helmet":2,"born_in_chaos_v1:corpse_maggot":2,"immersive_armors:bone_leggings":1,"relics:roller_skates":3,"minecraft:leather":4,"paraglider:spirit_orb":12,"minecraft:oak_log":21,"minecraft:dirt":27,"minecraft:bone":39,"minecraft:apple":8,"minecraft:kelp":5,"minecraft:wheat_seeds":3,"minecraft:iron_ingot":20,"born_in_chaos_v1:chipped_black_argillite_brick":1,"minecraft:cobweb":12,"minecraft:oak_planks":12,"minecraft:book":18,"minecraft:cooked_porkchop":5,"patchouli:guide_book":1,"born_in_chaos_v1:ethereal_spirit":4,"minecraft:gravel":2,"minecraft:sand":7,"minecraft:mud_brick_wall":2,"minecraft:white_bed":1,"immersive_armors:bone_boots":1,"born_in_chaos_v1:fire_dust":14,"minecraft:stone_axe":1,"smile:baby_craig":9,"minecraft:bread":59,"minecraft:oak_sapling":3,"born_in_chaos_v1:rotten_fish":4,"minecraft:coal":38},"minecraft:crafted":{"minecraft:oak_planks":84,"minecraft:wheat":378,"immersive_armors:bone_leggings":1,"minecraft:crafting_table":5,"minecraft:wooden_pickaxe":1,"minecraft:stone_axe":1,"minecraft:bread":91,"minecraft:oak_boat":2,"immersive_armors:bone_helmet":1,"minecraft:shield":1,"minecraft:stick":16,"minecraft:iron_pickaxe":1,"minecraft:wooden_axe":2,"minecraft:stone_sword":1,"spartanshields:wooden_basic_shield":1,"immersive_armors:bone_boots":1},"minecraft:mined":{"minecraft:white_bed":1,"minecraft:dark_oak_log":1,"biomesoplenty:bush":1,"minecraft:grass_block":11,"born_in_chaos_v1:dark_metal_deposit":1,"minecraft:mud_brick_wall":1,"smile:baby_craig":3,"minecraft:spawner":5,"comforts:sleeping_bag_white":1,"minecraft:hay_block":57,"minecraft:iron_ore":1,"minecraft:bookshelf":3,"minecraft:oak_stairs":1,"minecraft:stone":13,"minecraft:scaffolding":1,"minecraft:glass_pane":1,"minecraft:red_bed":1,"minecraft:crafting_table":4,"minecraft:white_stained_glass_pane":1,"minecraft:cobblestone":14,"born_in_chaos_v1:chipped_black_argillite_brick":1,"farmersdelight:wild_tomatoes":2,"minecraft:oak_planks":10,"minecraft:dark_oak_slab":1,"minecraft:redstone_torch":1,"minecraft:grass":6,"minecraft:coal_ore":15,"minecraft:oak_log":21,"minecraft:dirt":16,"minecraft:sand":5,"minecraft:gravel":1,"minecraft:oak_leaves":11},"minecraft:custom":{"minecraft:mob_kills":21,"minecraft:interact_with_crafting_table":19,"minecraft:open_barrel":20,"minecraft:damage_dealt_resisted":3620,"minecraft:leave_game":4,"minecraft:time_since_death":6872,"minecraft:climb_one_cm":879,"minecraft:sprint_one_cm":205293,"minecraft:walk_one_cm":199272,"minecraft:damage_blocked_by_shield":270,"minecraft:drop":58,"minecraft:talked_to_villager":1,"minecraft:play_time":138074,"minecraft:deaths":8,"minecraft:sneak_time":7058,"minecraft:walk_under_water_one_cm":42399,"minecraft:boat_one_cm":652016,"minecraft:jump":1687,"minecraft:walk_on_water_one_cm":55598,"minecraft:total_world_time":138074,"minecraft:sleep_in_bed":3,"minecraft:time_since_rest":6906,"minecraft:damage_taken":5216,"minecraft:damage_dealt":4630,"minecraft:swim_one_cm":179604,"minecraft:fly_one_cm":416934,"minecraft:player_kills":1,"minecraft:open_chest":18,"minecraft:crouch_one_cm":11968,"minecraft:interact_with_smoker":1,"minecraft:fall_one_cm":67725},"minecraft:dropped":{"farmersdelight:tomato_seeds":4,"minecraft:iron_ingot":2,"minecraft:bread":39,"minecraft:wheat_seeds":3,"butchersdelightfoods:cooked_ham":25,"smile:baby_craig":4,"minecraft:cooked_porkchop":3,"minecraft:apple":3,"relics:horse_flute":1,"minecraft:dirt":2,"minecraft:mud_brick_wall":2,"relics:roller_skates":1,"minecraft:wooden_axe":2,"minecraft:chain":1,"minecraft:iron_pickaxe":1,"minecraft:string":8,"minecraft:gravel":2,"minecraft:raw_iron":5,"minecraft:rotten_flesh":8,"minecraft:oak_planks":4,"minecraft:potato":32,"minecraft:hay_block":9,"born_in_chaos_v1:chipped_black_argillite_brick":1,"immersive_armors:bone_helmet":1,"minecraft:oak_sapling":1,"minecraft:redstone_torch":1,"fight_or_die:ripping_flesh":1,"minecraft:stone_pickaxe":1,"minecraft:wooden_pickaxe":1,"minecraft:magma_block":2},"minecraft:killed":{"minecraft:cave_spider":3,"born_in_chaos_v1:restless_spirit":2,"minecraft:spider":3,"born_in_chaos_v1:skeleton_thrasher_not_despawn":2,"born_in_chaos_v1:corpse_fish":1,"born_in_chaos_v1:firelight_not_despawn":2,"minecraft:iron_golem":1,"bwrtherain:spider_skull":5,"born_in_chaos_v1:decrepit_skeleton":1,"minecraft:zombie":1}},"DataVersion":3465}