{"stats":{"minecraft:custom":{"minecraft:mob_kills":4,"minecraft:interact_with_crafting_table":9,"minecraft:leave_game":1,"minecraft:time_since_death":44268,"minecraft:sleep_in_bed":3,"minecraft:time_since_rest":9721,"minecraft:sprint_one_cm":108593,"minecraft:walk_one_cm":78036,"minecraft:damage_taken":752,"minecraft:drop":31,"minecraft:damage_dealt":1799,"minecraft:swim_one_cm":36893,"minecraft:fly_one_cm":190326,"minecraft:open_chest":1,"minecraft:crouch_one_cm":2999,"minecraft:play_time":44268,"minecraft:sneak_time":2051,"minecraft:walk_under_water_one_cm":4546,"minecraft:jump":670,"minecraft:walk_on_water_one_cm":10548,"minecraft:total_world_time":44268,"minecraft:fall_one_cm":29914},"minecraft:mined":{"minecraft:white_bed":1,"minecraft:crafting_table":2,"minecraft:grass_block":3,"born_in_chaos_v1:dark_metal_deposit":1,"minecraft:cobblestone":9,"born_in_chaos_v1:chipped_black_argillite_brick":1,"smile:baby_craig":1,"comforts:sleeping_bag_white":1,"minecraft:hay_block":42,"minecraft:iron_ore":1,"minecraft:grass":1,"minecraft:coal_ore":15,"minecraft:oak_log":10,"minecraft:dirt":11,"minecraft:stone":13,"minecraft:oak_leaves":10},"minecraft:used":{"minecraft:stone_sword":11,"minecraft:oak_planks":12,"immersive_armors:bone_helmet":1,"minecraft:wooden_pickaxe":11,"minecraft:dirt":14,"minecraft:crafting_table":4,"relics:horse_flute":3,"minecraft:wooden_axe":33,"minecraft:bread":11,"minecraft:iron_pickaxe":29,"smile:baby_craig":1,"butchersdelightfoods:cooked_ham":3,"minecraft:cobblestone":10,"born_in_chaos_v1:rotten_fish":1,"minecraft:oak_sapling":1,"comforts:sleeping_bag_white":3},"minecraft:dropped":{"minecraft:iron_ingot":2,"minecraft:bread":8,"minecraft:wheat_seeds":1,"butchersdelightfoods:cooked_ham":25,"smile:baby_craig":3,"minecraft:raw_iron":5,"minecraft:apple":3,"relics:horse_flute":1,"minecraft:dirt":2,"minecraft:potato":32,"minecraft:hay_block":9,"relics:roller_skates":1,"born_in_chaos_v1:chipped_black_argillite_brick":1,"minecraft:wooden_axe":2,"minecraft:oak_sapling":1,"minecraft:stone_pickaxe":1,"minecraft:magma_block":2},"minecraft:crafted":{"minecraft:oak_planks":40,"minecraft:crafting_table":2,"minecraft:wooden_pickaxe":1,"minecraft:stone_axe":1,"minecraft:bread":27,"immersive_armors:bone_helmet":1,"minecraft:shield":1,"minecraft:stick":8,"minecraft:iron_pickaxe":1,"minecraft:wooden_axe":1,"minecraft:stone_sword":1,"minecraft:wheat":81},"minecraft:killed":{"minecraft:iron_golem":1,"born_in_chaos_v1:corpse_fish":1,"born_in_chaos_v1:firelight_not_despawn":2},"minecraft:picked_up":{"minecraft:wooden_axe":1,"born_in_chaos_v1:corpse_maggot":2,"minecraft:crafting_table":2,"relics:roller_skates":1,"butchersdelightfoods:cooked_ham":3,"minecraft:oak_log":10,"minecraft:dirt":16,"minecraft:bone":1,"butchersdelight:dead_cow":2,"minecraft:wheat_seeds":1,"comforts:sleeping_bag_white":3,"minecraft:iron_ingot":7,"born_in_chaos_v1:chipped_black_argillite_brick":1,"minecraft:stick":1,"minecraft:raw_iron":2,"minecraft:white_bed":1,"born_in_chaos_v1:pieceofdarkmetal":1,"born_in_chaos_v1:fire_dust":3,"relics:horse_flute":1,"minecraft:hay_block":42,"smile:baby_craig":1,"minecraft:oak_sapling":2,"born_in_chaos_v1:rotten_fish":1,"minecraft:coal":17,"minecraft:cobblestone":20}},"DataVersion":3465}