{"stats":{"minecraft:custom":{"minecraft:time_since_rest":14268,"minecraft:sprint_one_cm":10261,"minecraft:damage_taken":217,"minecraft:walk_one_cm":18222,"minecraft:damage_dealt":60,"minecraft:interact_with_crafting_table":5,"minecraft:fly_one_cm":22355,"minecraft:crouch_one_cm":1820,"minecraft:play_time":14268,"minecraft:sneak_time":786,"minecraft:jump":129,"minecraft:leave_game":1,"minecraft:time_since_death":14268,"minecraft:total_world_time":14268,"minecraft:fall_one_cm":4992},"minecraft:mined":{"minecraft:hay_block":9,"minecraft:crafting_table":2,"minecraft:grass_block":2,"minecraft:oak_log":5,"minecraft:dirt":7,"minecraft:stone":11,"smile:baby_craig":1,"minecraft:oak_leaves":7},"minecraft:used":{"minecraft:wooden_axe":5,"minecraft:bread":2,"minecraft:oak_planks":8,"smile:baby_craig":1,"minecraft:wooden_pickaxe":11,"butchersdelightfoods:cooked_ham":1,"minecraft:dirt":9,"minecraft:crafting_table":2,"minecraft:oak_sapling":1},"minecraft:crafted":{"minecraft:oak_planks":20,"minecraft:crafting_table":1,"minecraft:stick":4,"minecraft:wooden_pickaxe":1,"minecraft:wooden_axe":1,"minecraft:bread":27,"minecraft:wheat":81},"minecraft:picked_up":{"minecraft:crafting_table":2,"relics:roller_skates":1,"butchersdelightfoods:cooked_ham":3,"minecraft:oak_log":5,"minecraft:dirt":9,"minecraft:bone":1,"minecraft:hay_block":9,"smile:baby_craig":1,"minecraft:oak_sapling":1,"minecraft:cobblestone":11}},"DataVersion":3465}