{"stats":{"minecraft:custom":{"minecraft:time_since_rest":26268,"minecraft:sprint_one_cm":33645,"minecraft:damage_taken":412,"minecraft:walk_one_cm":41999,"minecraft:mob_kills":3,"minecraft:drop":23,"minecraft:damage_dealt":1669,"minecraft:interact_with_crafting_table":8,"minecraft:fly_one_cm":78871,"minecraft:open_chest":1,"minecraft:crouch_one_cm":2999,"minecraft:play_time":26268,"minecraft:sneak_time":2017,"minecraft:jump":370,"minecraft:leave_game":1,"minecraft:time_since_death":26268,"minecraft:total_world_time":26268,"minecraft:fall_one_cm":14116},"minecraft:mined":{"minecraft:hay_block":42,"minecraft:white_bed":1,"minecraft:crafting_table":2,"born_in_chaos_v1:dark_metal_deposit":1,"minecraft:grass_block":3,"minecraft:oak_log":6,"minecraft:dirt":11,"minecraft:cobblestone":9,"born_in_chaos_v1:chipped_black_argillite_brick":1,"minecraft:stone":11,"smile:baby_craig":1,"minecraft:oak_leaves":9},"minecraft:used":{"minecraft:wooden_axe":28,"minecraft:stone_sword":8,"minecraft:bread":4,"minecraft:iron_pickaxe":11,"minecraft:oak_planks":12,"smile:baby_craig":1,"immersive_armors:bone_helmet":1,"minecraft:wooden_pickaxe":11,"butchersdelightfoods:cooked_ham":2,"minecraft:dirt":14,"minecraft:cobblestone":10,"minecraft:crafting_table":3,"minecraft:oak_sapling":1,"relics:horse_flute":2},"minecraft:dropped":{"minecraft:bread":8,"minecraft:dirt":2,"minecraft:potato":32,"minecraft:hay_block":9,"relics:roller_skates":1,"butchersdelightfoods:cooked_ham":25,"minecraft:wooden_axe":1,"smile:baby_craig":3,"minecraft:oak_sapling":1,"minecraft:raw_iron":4,"minecraft:apple":3,"minecraft:stone_pickaxe":1},"minecraft:crafted":{"minecraft:oak_planks":24,"immersive_armors:bone_helmet":1,"minecraft:shield":1,"minecraft:crafting_table":1,"minecraft:stick":4,"minecraft:iron_pickaxe":1,"minecraft:wooden_pickaxe":1,"minecraft:wooden_axe":1,"minecraft:stone_sword":1,"minecraft:bread":27,"minecraft:wheat":81},"minecraft:killed":{"minecraft:iron_golem":1,"born_in_chaos_v1:firelight_not_despawn":2},"minecraft:picked_up":{"minecraft:wooden_axe":1,"born_in_chaos_v1:corpse_maggot":2,"minecraft:stick":1,"minecraft:crafting_table":2,"relics:roller_skates":1,"butchersdelightfoods:cooked_ham":3,"minecraft:oak_log":6,"born_in_chaos_v1:pieceofdarkmetal":1,"minecraft:white_bed":1,"minecraft:dirt":16,"minecraft:bone":1,"butchersdelight:dead_cow":2,"born_in_chaos_v1:fire_dust":3,"minecraft:hay_block":42,"minecraft:iron_ingot":4,"born_in_chaos_v1:chipped_black_argillite_brick":1,"smile:baby_craig":1,"minecraft:oak_sapling":2,"minecraft:cobblestone":18}},"DataVersion":3465}