{"stats":{"minecraft:used":{"minecraft:stone_sword":70,"minecraft:oak_planks":14,"immersive_armors:bone_helmet":2,"minecraft:wooden_pickaxe":11,"minecraft:dirt":17,"minecraft:sand":7,"minecraft:crafting_table":7,"minecraft:white_bed":1,"minecraft:redstone_torch":1,"relics:horse_flute":3,"minecraft:wooden_axe":35,"minecraft:bread":27,"minecraft:iron_pickaxe":41,"smile:baby_craig":1,"butchersdelightfoods:cooked_ham":3,"minecraft:stone_axe":23,"born_in_chaos_v1:rotten_fish":1,"minecraft:cobblestone":31,"minecraft:oak_sapling":1,"minecraft:cooked_porkchop":4,"minecraft:egg":1,"minecraft:oak_boat":1,"comforts:sleeping_bag_white":3},"minecraft:picked_up":{"minecraft:wooden_axe":1,"immersive_armors:bone_helmet":1,"born_in_chaos_v1:corpse_maggot":2,"minecraft:crafting_table":4,"relics:roller_skates":1,"butchersdelightfoods:cooked_ham":3,"paraglider:spirit_orb":6,"minecraft:oak_log":13,"minecraft:chain":1,"minecraft:dirt":19,"minecraft:string":1,"born_in_chaos_v1:intoxicating_decoction":1,"minecraft:bone":19,"butchersdelight:dead_cow":2,"minecraft:wheat_seeds":2,"comforts:sleeping_bag_white":3,"minecraft:iron_ingot":7,"born_in_chaos_v1:chipped_black_argillite_brick":1,"minecraft:redstone_torch":2,"minecraft:iron_pickaxe":1,"minecraft:oak_planks":4,"minecraft:egg":1,"fight_or_die:ripping_flesh":2,"minecraft:book":9,"born_in_chaos_v1:shattered_skull":2,"minecraft:stick":1,"minecraft:raw_iron":2,"born_in_chaos_v1:ethereal_spirit":2,"minecraft:gravel":2,"minecraft:sand":7,"farmersdelight:tomato_seeds":1,"minecraft:mud_brick_wall":2,"minecraft:white_bed":1,"born_in_chaos_v1:pieceofdarkmetal":5,"minecraft:rotten_flesh":12,"born_in_chaos_v1:fire_dust":3,"relics:horse_flute":1,"minecraft:hay_block":57,"smile:baby_craig":2,"born_in_chaos_v1:rotten_fish":1,"minecraft:oak_sapling":2,"minecraft:coal":17,"minecraft:cobblestone":24},"minecraft:crafted":{"minecraft:oak_planks":52,"immersive_armors:bone_leggings":1,"minecraft:crafting_table":4,"minecraft:wooden_pickaxe":1,"minecraft:stone_axe":1,"minecraft:bread":91,"minecraft:oak_boat":1,"immersive_armors:bone_helmet":1,"minecraft:shield":1,"minecraft:stick":12,"minecraft:iron_pickaxe":1,"minecraft:wooden_axe":2,"minecraft:stone_sword":1,"spartanshields:wooden_basic_shield":1,"immersive_armors:bone_boots":1,"minecraft:wheat":378},"minecraft:mined":{"minecraft:scaffolding":1,"minecraft:white_bed":1,"minecraft:glass_pane":1,"minecraft:red_bed":1,"minecraft:crafting_table":4,"born_in_chaos_v1:dark_metal_deposit":1,"minecraft:grass_block":5,"minecraft:white_stained_glass_pane":1,"minecraft:cobblestone":13,"born_in_chaos_v1:chipped_black_argillite_brick":1,"minecraft:oak_planks":5,"minecraft:mud_brick_wall":1,"smile:baby_craig":1,"minecraft:spawner":5,"comforts:sleeping_bag_white":1,"minecraft:hay_block":57,"minecraft:dark_oak_slab":1,"minecraft:redstone_torch":1,"minecraft:iron_ore":1,"minecraft:grass":1,"minecraft:bookshelf":3,"minecraft:oak_log":13,"minecraft:coal_ore":15,"minecraft:gravel":1,"minecraft:sand":5,"minecraft:dirt":12,"minecraft:stone":13,"minecraft:oak_leaves":10},"minecraft:custom":{"minecraft:mob_kills":19,"minecraft:interact_with_crafting_table":17,"minecraft:open_barrel":20,"minecraft:damage_dealt_resisted":3620,"minecraft:leave_game":4,"minecraft:time_since_death":5747,"minecraft:sleep_in_bed":3,"minecraft:climb_one_cm":879,"minecraft:time_since_rest":5779,"minecraft:sprint_one_cm":158073,"minecraft:damage_taken":3538,"minecraft:walk_one_cm":156748,"minecraft:drop":48,"minecraft:damage_dealt":4346,"minecraft:swim_one_cm":153181,"minecraft:player_kills":1,"minecraft:fly_one_cm":313672,"minecraft:open_chest":18,"minecraft:crouch_one_cm":10860,"minecraft:play_time":102074,"minecraft:deaths":5,"minecraft:sneak_time":5643,"minecraft:walk_under_water_one_cm":23201,"minecraft:boat_one_cm":440795,"minecraft:jump":1200,"minecraft:walk_on_water_one_cm":29491,"minecraft:interact_with_smoker":1,"minecraft:total_world_time":102074,"minecraft:fall_one_cm":50952},"minecraft:dropped":{"farmersdelight:tomato_seeds":2,"minecraft:gravel":2,"minecraft:iron_ingot":2,"minecraft:bread":24,"minecraft:wheat_seeds":2,"butchersdelightfoods:cooked_ham":25,"smile:baby_craig":3,"minecraft:raw_iron":5,"minecraft:rotten_flesh":6,"minecraft:oak_planks":1,"minecraft:apple":3,"relics:horse_flute":1,"minecraft:dirt":2,"minecraft:potato":32,"minecraft:hay_block":9,"minecraft:mud_brick_wall":2,"relics:roller_skates":1,"born_in_chaos_v1:chipped_black_argillite_brick":1,"minecraft:wooden_axe":2,"immersive_armors:bone_helmet":1,"minecraft:oak_sapling":1,"minecraft:redstone_torch":1,"fight_or_die:ripping_flesh":1,"minecraft:chain":1,"minecraft:wooden_pickaxe":1,"minecraft:stone_pickaxe":1,"minecraft:iron_pickaxe":1,"minecraft:magma_block":2},"minecraft:killed":{"minecraft:cave_spider":2,"born_in_chaos_v1:restless_spirit":2,"minecraft:spider":2,"minecraft:iron_golem":1,"bwrtherain:spider_skull":5,"born_in_chaos_v1:skeleton_thrasher_not_despawn":2,"born_in_chaos_v1:decrepit_skeleton":1,"minecraft:zombie":1,"born_in_chaos_v1:corpse_fish":1,"born_in_chaos_v1:firelight_not_despawn":2}},"DataVersion":3465}